Unnamed: 0,date,v_number,s.no,Unnamed: 3,Unnamed: 4,Unnamed: 5,Unnamed: 6
0.0,Sat Feb 15 14:03:32 2020,P31I7888,,,,,
0.0,Sat Feb 15 14:03:25 2020,P31N7888,,,,,
0.0,Sat Feb 15 14:03:23 2020,P3789P,,,,,
0.0,Sat Feb 15 14:03:21 2020,P31N78S8,,,,,
0.0,Sat Feb 15 14:03:13 2020,31N7838,,,,,
0.0,Sat Feb 15 14:03:07 2020,P31I78S8,,,,,
0.0,Sat Feb 15 14:03:02 2020,AP31N7888,,,,,
,,,,,,,
,,,,,,,
,,,,,,,
,,,,,,,
,,,,,,,
,,,,,,,
,,,,,,,
,,,,,,,
,,,,,,,
,,,,,,,
,,,,,,,
,,,,,,,
,,,,,,,
,,,,,,,
,,,,,,,
,,,,,,,
,,,,,,,
,,,,,,,
,,,,,,,
,,,,,,,
,,,,,,,
,,,,,,,
,,,,,,,
,Sat Feb 15 13:22:37 2020,XW,,0.0,,,
,Sat Feb 15 13:22:35 2020,8INN,,0.0,,,
,Sat Feb 15 13:22:33 2020,Q01U6,,0.0,,,
,Sat Feb 15 13:22:30 2020,IAIIYV5,,0.0,,,
,Sat Feb 15 13:22:27 2020,AVIA1,,0.0,,,
,Sat Feb 15 13:22:26 2020,IIIITIT,,0.0,,,
,Sat Feb 15 13:22:23 2020,AYAIWV,,0.0,,,
,Sat Feb 15 13:22:18 2020,NYXV,,0.0,,,
,Sat Feb 15 13:22:16 2020,RTV,,0.0,,,
,Sat Feb 15 13:22:14 2020,NTAV,,0.0,,,
,Sat Feb 15 13:22:12 2020,AVNLV,,0.0,,,
,Sat Feb 15 13:22:10 2020,JSIYU,,0.0,,,
,Sat Feb 15 13:22:07 2020,4IIIII,,0.0,,,
,Sat Feb 15 13:20:28 2020,31N7838,,0.0,,,
,Sat Feb 15 13:20:00 2020,IP31N78S8,,0.0,,,
,,,,,,,
,,,,,,,
,,,,,,,
,,,,,,,
,,,,,,,
,,,,,,,
,,,,,,,
,,,,,,,
,,,,,,,
,,,,,,,
,,,,,,,
,,,,,,,
,,,,,,,
,,,,,,,
,,,,,,,
,,,,,,,
,,,,,,,
,,,,,,,
,,,,,,,
,,,,,,,
,,,,,,,
,,,,,,,
,,,,,,,
,,,,,,,
,,,,,,,
,,,,,,,
,,,,,,,
,,,,,,,
,Wed Jan 29 10:03:29 2020,I28377,,,,0.0,
,Wed Jan 29 10:03:27 2020,I98377D,,,,0.0,
,Wed Jan 29 10:03:13 2020,198377Z,,,,0.0,
,Wed Jan 29 10:03:11 2020,I9837A,,,,0.0,
,Wed Jan 29 10:01:54 2020,D319837,,,,0.0,
,Wed Jan 29 10:01:29 2020,I9837,,,,0.0,
,Wed Jan 29 10:01:28 2020,19837,,,,0.0,
,Wed Jan 29 10:01:25 2020,19I37,,,,0.0,
,Wed Jan 29 09:19:58 2020,D319837,,,,0.0,
,Wed Jan 29 09:19:17 2020,I9837,,,,0.0,
,Wed Jan 29 09:19:15 2020,19837,,,,0.0,
,Wed Jan 29 09:19:12 2020,19I37,,,,0.0,
,Tue Jan 28 22:48:49 2020,19B37,,,,0.0,
,Tue Jan 28 22:48:35 2020,D319837,,,,0.0,
,Tue Jan 28 22:48:17 2020,19837,,,,0.0,
,Tue Jan 28 22:48:15 2020,19I37,,,,0.0,
,Tue Jan 28 22:47:46 2020,I9837,,,,0.0,
,Tue Jan 28 19:49:37 2020,JIP31N7888,,,,0.0,
,Tue Jan 28 19:49:21 2020,P31N7898,,,,0.0,
,Tue Jan 28 19:49:19 2020,IP31N7B98,,,,0.0,
,Tue Jan 28 19:49:17 2020,P31I7888,,,,0.0,
,Tue Jan 28 19:49:16 2020,JIP31N78,,,,0.0,
,Tue Jan 28 19:49:11 2020,P31N7888,,,,0.0,
,Tue Jan 28 19:49:06 2020,P3789P,,,,0.0,
,Tue Jan 28 19:49:01 2020,P31H7898,,,,0.0,
,Tue Jan 28 19:48:57 2020,IP31N7888,,,,0.0,
,Tue Jan 28 19:48:55 2020,IP31N7898,,,,0.0,
,Tue Jan 28 19:48:49 2020,31H7898,,,,0.0,
,Tue Jan 28 19:48:44 2020,31N78S8,,,,0.0,
,Tue Jan 28 19:48:43 2020,P31N78S8,,,,0.0,
,Tue Jan 28 19:48:40 2020,P3IN7898,,,,0.0,
,Tue Jan 28 19:48:38 2020,IP31N78S8,,,,0.0,
,Tue Jan 28 19:47:40 2020,J1I9837,,,,0.0,
,Tue Jan 28 19:47:29 2020,J2837,,,,0.0,
,Tue Jan 28 19:47:11 2020,UJ9837,,,,0.0,
,Tue Jan 28 19:47:05 2020,IJ9837,,,,0.0,
,Tue Jan 28 19:46:58 2020,J9837,,,,0.0,
,Tue Jan 28 19:46:55 2020,27857,,,,0.0,
,Tue Jan 28 19:46:53 2020,IIJY0J7,,,,0.0,
,Tue Jan 28 19:46:48 2020,10II7,,,,0.0,
,Tue Jan 28 19:46:44 2020,29837D,,,,0.0,
,Tue Jan 28 19:46:42 2020,298377D,,,,0.0,
,Tue Jan 28 19:46:37 2020,I98377D,,,,0.0,
,Tue Jan 28 19:46:31 2020,298377A,,,,0.0,
,Tue Jan 28 19:46:29 2020,29837A,,,,0.0,
,Tue Jan 28 19:46:27 2020,I9837A,,,,0.0,
,Tue Jan 28 19:45:37 2020,D319837,,,,0.0,
,Tue Jan 28 19:45:32 2020,I9837,,,,0.0,
,Tue Jan 28 19:45:09 2020,19837,,,,0.0,
,Fri Jan 24 16:04:13 2020,D319837,,,,,0.0
,Fri Jan 24 16:03:35 2020,19837,,,,,0.0
,Fri Jan 24 16:03:26 2020,19I37,,,,,0.0
,Wed Jan 22 17:41:11 2020,I9837A,,,,,
,Wed Jan 22 17:37:41 2020,19837,,,,,
,Wed Jan 22 17:36:32 2020,I9837,,,,,
,Wed Jan 22 17:36:06 2020,19I37,,,,,
,,,,,,,
,,,,,,,
,,,,,,,
,,,,,,,
,,,,,,,
,,,,,,,
,,,,,,,
,,,,,,,
,,,,,,,
,,,,,,,
,,,,,,,
,,,,,,,
,,,,,,,
,,,,,,,
,,,,,,,
,,,,,,,
,,,,,,,
,,,,,,,
,,,,,,,
,,,,,,,
,,,,,,,
,,,,,,,
,,,,,,,
,,,,,,,
,,,,,,,
,,,,,,,
,,,,,,,
,,,,,,,
,,,,,,,
,,,,,,,
,,,,,,,
,,,,,,,
,,,,,,,
,,,,,,,
,,,,,,,
,,,,,,,
,Fri Jan 17 21:44:57 2020,I9837,,,,,
,Fri Jan 17 21:44:51 2020,19837,,,,,
,Fri Jan 17 21:44:41 2020,19I37,,,,,
,Mon Jan 13 17:26:18 2020,XP9II,,,,,
,Mon Jan 13 17:26:08 2020,IUIIIL,,,,,
,Mon Jan 13 17:26:03 2020,F84JI,,,,,
,Mon Jan 13 17:25:55 2020,P945I,,,,,
,Mon Jan 13 17:25:53 2020,P9I45I,,,,,
,Mon Jan 13 17:25:42 2020,P9I45,,,,,
,Mon Jan 13 17:25:18 2020,PII5I,,,,,
,Mon Jan 13 17:24:29 2020,IIIIII,,,,,
,Mon Jan 13 17:24:27 2020,IDIII,,,,,
,Mon Jan 13 17:24:14 2020,P0III,,,,,
,Mon Jan 13 17:24:09 2020,7F87I,,,,,
,Mon Jan 13 17:24:08 2020,PLIII,,,,,
,Mon Jan 13 17:24:02 2020,M768II,,,,,
,Mon Jan 13 17:24:00 2020,DUIII,,,,,
,Mon Jan 13 17:23:59 2020,M768I,,,,,
,Mon Jan 13 17:23:56 2020,M788II,,,,,
,Mon Jan 13 17:23:53 2020,7IIII,,,,,
,Mon Jan 13 17:23:51 2020,IM7IIII,,,,,
,Mon Jan 13 17:23:49 2020,7B8JI,,,,,
,Mon Jan 13 17:23:47 2020,788II,,,,,
,Mon Jan 13 17:23:34 2020,IIIIIII,,,,,
,Mon Jan 13 17:23:33 2020,RIIIII,,,,,
,Mon Jan 13 17:23:27 2020,IIIIIIII,,,,,
,Mon Jan 13 17:23:23 2020,1IIIIIIII,,,,,
,Mon Jan 13 17:23:21 2020,IIIIIIIII,,,,,
,Mon Jan 13 17:23:19 2020,1IIIII,,,,,
,Mon Jan 13 17:23:17 2020,LLLLLH,,,,,
,Mon Jan 13 17:23:15 2020,LLLHLLL,,,,,
,Mon Jan 13 17:23:13 2020,HLLLL,,,,,
,Mon Jan 13 17:23:11 2020,ULUULDLL,,,,,
,Mon Jan 13 17:23:05 2020,UULULDL,,,,,
,Mon Jan 13 17:23:04 2020,LLLLLLLL,,,,,
,Mon Jan 13 17:22:59 2020,LLLLJL,,,,,
,Mon Jan 13 17:22:50 2020,LLLLJJL,,,,,
,Mon Jan 13 17:22:46 2020,LLLLLJL,,,,,
,Mon Jan 13 17:22:44 2020,LLLLHJL,,,,,
,Mon Jan 13 17:22:42 2020,LLJLHJL,,,,,
,Mon Jan 13 17:22:38 2020,M68II,,,,,
,Mon Jan 13 17:22:26 2020,M768II,,,,,
,Mon Jan 13 17:22:24 2020,M88II,,,,,
,Mon Jan 13 17:22:19 2020,M78BII,,,,,
,Mon Jan 13 17:22:12 2020,M788II,,,,,
,Mon Jan 13 17:22:08 2020,N788II,,,,,
,Mon Jan 13 17:20:25 2020,H76811,,,,,
,Mon Jan 13 17:20:21 2020,ULDDDUL,,,,,
,Mon Jan 13 17:20:19 2020,UDHHD,,,,,
,Mon Jan 13 17:20:16 2020,IIIII,,,,,
,Mon Jan 13 17:19:29 2020,YPVIII,,,,,
,Mon Jan 13 17:18:56 2020,YPVI0I,,,,,
,Mon Jan 13 17:18:54 2020,YQVDC,,,,,
,Mon Jan 13 17:18:47 2020,IVI1ID,,,,,
,Mon Jan 13 17:18:45 2020,IVIIIL,,,,,
,Mon Jan 13 17:18:39 2020,IUIIID,,,,,
,Mon Jan 13 17:18:34 2020,IIIIID,,,,,
,Mon Jan 13 17:18:29 2020,IVIIID,,,,,
,Mon Jan 13 17:18:24 2020,I46P48,,,,,
,Mon Jan 13 17:18:19 2020,14SU48,,,,,
,Mon Jan 13 17:18:15 2020,DUIIID,,,,,
,Mon Jan 13 17:18:10 2020,I01II,,,,,
,Mon Jan 13 17:18:05 2020,II48B48,,,,,
,Mon Jan 13 17:18:01 2020,4884B,,,,,
,Mon Jan 13 17:17:54 2020,146848,,,,,
,Mon Jan 13 17:17:43 2020,I46U48,,,,,
,Mon Jan 13 17:17:23 2020,I48048,,,,,
,Mon Jan 13 17:17:19 2020,J48848,,,,,
,Mon Jan 13 17:17:14 2020,I46048,,,,,
,Mon Jan 13 17:17:07 2020,I48B4I,,,,,
,Mon Jan 13 17:17:00 2020,J4SU48,,,,,
,Mon Jan 13 17:16:57 2020,I48B48,,,,,
,Mon Jan 13 17:16:47 2020,I46848,,,,,
,Mon Jan 13 17:16:39 2020,I4884I,,,,,
,Mon Jan 13 17:16:37 2020,I46045,,,,,
,Mon Jan 13 17:16:31 2020,I48848,,,,,
,Mon Jan 13 17:16:29 2020,I4I848,,,,,
,Mon Jan 13 17:16:26 2020,I4684I,,,,,
,Mon Jan 13 17:16:19 2020,I4I84I,,,,,
,Mon Jan 13 17:16:07 2020,I4F44I,,,,,
,Mon Jan 13 17:16:05 2020,I4FJ4I,,,,,
,Mon Jan 13 17:15:59 2020,I4IJ4I,,,,,
,Mon Jan 13 17:15:57 2020,I4IP4I,,,,,
,Mon Jan 13 17:15:55 2020,I46J4I,,,,,
,Mon Jan 13 17:15:53 2020,I468II,,,,,
,Mon Jan 13 17:15:48 2020,IIII4I,,,,,
,Mon Jan 13 17:15:44 2020,I4604I,,,,,
,Mon Jan 13 17:15:42 2020,III4IX,,,,,
,Mon Jan 13 17:15:40 2020,I4II1I,,,,,
,Mon Jan 13 17:15:36 2020,I4IJ4,,,,,
,Mon Jan 13 17:15:33 2020,IIIPII,,,,,
,Mon Jan 13 17:15:27 2020,III0II,,,,,
,Mon Jan 13 17:15:26 2020,IIIJJ,,,,,
,Mon Jan 13 17:15:24 2020,IIIJII,,,,,
,Mon Jan 13 17:15:19 2020,IIIII,,,,,
,Mon Jan 13 17:15:17 2020,IIIIIJ,,,,,
,Mon Jan 13 17:15:15 2020,III4I,,,,,
,Mon Jan 13 17:15:11 2020,J983Z,,,,,
,Mon Jan 13 17:15:05 2020,1QB37,,,,,
,Mon Jan 13 17:14:46 2020,I9837,,,,,
,Mon Jan 13 17:14:28 2020,J19837,,,,,
,Mon Jan 13 17:14:20 2020,J9837,,,,,
,Mon Jan 13 17:14:16 2020,J7837,,,,,
,Mon Jan 13 17:13:54 2020,CJ9837,,,,,
,Mon Jan 13 17:11:05 2020,UJ9837,,,,,
,Mon Jan 13 17:06:35 2020,QJ9837,,,,,
,Mon Jan 13 17:06:30 2020,719837,,,,,
,Mon Jan 13 17:06:23 2020,4J9837,,,,,
,Mon Jan 13 17:06:19 2020,JJ9837,,,,,
,Mon Jan 13 17:06:00 2020,1J9837,,,,,
,Mon Jan 13 17:05:54 2020,729837,,,,,
,Mon Jan 13 17:05:46 2020,L7J9837,,,,,
,Mon Jan 13 17:05:40 2020,KJJ9837,,,,,
,Mon Jan 13 17:05:29 2020,KJ19837,,,,,
,Mon Jan 13 17:05:01 2020,GI9837,,,,,
,Mon Jan 13 17:04:48 2020,6J9837,,,,,
,Mon Jan 13 17:04:35 2020,7J9837,,,,,
,Mon Jan 13 17:02:50 2020,29837,,,,,
,Mon Jan 13 17:02:47 2020,19837,,,,,
,Mon Jan 13 17:02:40 2020,LJ9837,,,,,
,Mon Jan 13 17:01:10 2020,I9837,,,,,
,Mon Jan 13 17:00:49 2020,QJ983,,,,,
,Mon Jan 13 17:00:03 2020,J9837,,,,,
,Mon Jan 13 16:59:11 2020,JI983,,,,,
,Mon Jan 13 16:59:03 2020,JJ983,,,,,
,Mon Jan 13 16:58:50 2020,QJ9837,,,,,
,Mon Jan 13 16:58:44 2020,Q29837,,,,,
,Mon Jan 13 16:58:20 2020,J7837,,,,,
,Mon Jan 13 16:57:17 2020,19837,,,,,
,Mon Jan 13 16:57:01 2020,JJ9837,,,,,
,Mon Jan 13 16:56:29 2020,J1I9837,,,,,
,Mon Jan 13 16:56:07 2020,J2837,,,,,
,Mon Jan 13 16:55:52 2020,UJ9837,,,,,
,Mon Jan 13 16:55:40 2020,IJ9837,,,,,
,Mon Jan 13 16:55:27 2020,J9837,,,,,
,Mon Jan 13 16:55:24 2020,27857,,,,,
,Mon Jan 13 16:55:22 2020,IIJY0J7,,,,,
,Mon Jan 13 16:55:17 2020,10II7,,,,,
,Mon Jan 13 16:55:11 2020,298377D,,,,,
,Mon Jan 13 16:55:07 2020,I98J77,,,,,
,Mon Jan 13 16:55:05 2020,I28377,,,,,
,Mon Jan 13 16:55:04 2020,I28377D,,,,,
,Mon Jan 13 16:54:56 2020,198377Z,,,,,
,Mon Jan 13 16:54:54 2020,I98374,,,,,
,Mon Jan 13 16:54:52 2020,I9837A,,,,,
,Mon Jan 13 16:54:10 2020,19B37,,,,,
,Mon Jan 13 16:53:53 2020,D319837,,,,,
,Mon Jan 13 16:53:29 2020,198I7,,,,,
,Mon Jan 13 16:53:27 2020,I9837,,,,,
,Mon Jan 13 16:53:24 2020,19I37,,,,,
,Mon Jan 13 16:46:18 2020,19837,,,,,
,Mon Jan 13 16:45:56 2020,JI983,,,,,
,Mon Jan 13 16:45:46 2020,JJ983,,,,,
,Mon Jan 13 16:45:24 2020,Q29837,,,,,
,Mon Jan 13 16:45:15 2020,QJ9837,,,,,
,Mon Jan 13 16:45:10 2020,1I9837,,,,,
,Mon Jan 13 16:45:00 2020,J7837,,,,,
,Mon Jan 13 16:44:09 2020,29837,,,,,
,Mon Jan 13 16:43:10 2020,J1I9837,,,,,
,Mon Jan 13 16:42:54 2020,J2837,,,,,
,Mon Jan 13 16:42:27 2020,J9837,,,,,
,Mon Jan 13 16:42:25 2020,UJ9837,,,,,
,Mon Jan 13 16:42:15 2020,IIJY0J7,,,,,
,Mon Jan 13 16:42:09 2020,10II7,,,,,
,Mon Jan 13 16:42:07 2020,298377D,,,,,
,Mon Jan 13 16:42:02 2020,I98J77,,,,,
,Mon Jan 13 16:42:00 2020,I28377,,,,,
,Mon Jan 13 16:41:59 2020,I28377D,,,,,
,Mon Jan 13 16:41:44 2020,198377Z,,,,,
,Mon Jan 13 16:41:42 2020,I98374,,,,,
,Mon Jan 13 16:41:40 2020,I9837A,,,,,
,Mon Jan 13 16:40:35 2020,D319837,,,,,
,Mon Jan 13 16:40:19 2020,19837,,,,,
,Mon Jan 13 16:40:16 2020,I9837,,,,,
,Mon Jan 13 16:40:11 2020,19I37,,,,,
,Mon Jan 13 11:55:38 2020,I9837,,,,,
,Mon Jan 13 11:55:36 2020,19837,,,,,
,Mon Jan 13 11:55:31 2020,19I37,,,,,
,Sun Jan 12 22:10:19 2020,198I7,,,,,
,Sun Jan 12 22:10:10 2020,I9837,,,,,
,Sun Jan 12 22:10:08 2020,19837,,,,,
,Sun Jan 12 22:10:04 2020,19I37,,,,,
,Sun Jan 12 21:37:34 2020,198I7,,,,,
,Sun Jan 12 21:29:23 2020,I9837,,,,,
,Sun Jan 12 21:29:10 2020,19837,,,,,
,Sun Jan 12 21:29:00 2020,19I37,,,,,
,,,,,,,
,,,,,,,
,,,,,,,
,,,,,,,
,,,,,,,
,,,,,,,
,,,,,,,
,,,,,,,
,Fri Jan 10 17:40:21 2020,19837,,,,,
,Fri Jan 10 17:40:17 2020,19I37,,,,,
,Wed Jan  8 16:00:43 2020,11111,,,,,
,Wed Jan  8 16:00:43 2020,11111,,,,,
,Wed Jan  8 16:00:43 2020,11111,,,,,
,Wed Jan  8 16:00:43 2020,11111,,,,,
,Wed Jan  8 16:00:43 2020,11111,,,,,
,Wed Jan  8 16:00:43 2020,11111,,,,,
,Wed Jan  8 16:00:43 2020,27857,,,,,
,Wed Jan  8 16:00:37 2020,46347,,,,,
,Wed Jan  8 16:00:31 2020,298377D,,,,,
,Wed Jan  8 16:00:26 2020,I98377D,,,,,
,Wed Jan  8 16:00:20 2020,19837,,,,,
,Wed Jan  8 16:00:15 2020,I9837A,,,,,
,Wed Jan  8 16:00:09 2020,19837,,,,,
,Wed Jan  8 16:00:04 2020,19837,,,,,
,Wed Jan  8 15:59:58 2020,19837,,,,,
,Wed Jan  8 15:59:53 2020,19837,,,,,
,Wed Jan  8 15:59:48 2020,19837,,,,,
,Wed Jan  8 15:59:42 2020,I9837,,,,,
,Wed Jan  8 15:59:37 2020,19B37,,,,,
,Wed Jan  8 15:59:31 2020,19837,,,,,
,Wed Jan  8 15:59:26 2020,19837,,,,,
,Wed Jan  8 15:59:20 2020,19837,,,,,
,Wed Jan  8 15:59:15 2020,19837,,,,,
,Wed Jan  8 15:59:09 2020,I9837,,,,,
,Wed Jan  8 15:59:03 2020,,,,,,
,Wed Jan  8 15:58:57 2020,,,,,,
,Wed Jan  8 15:51:30 2020,19837,,,,,
,Wed Jan  8 15:51:25 2020,19837,,,,,
,Wed Jan  8 15:51:19 2020,19837,,,,,
,Wed Jan  8 15:51:14 2020,I9837,,,,,
,Wed Jan  8 15:51:08 2020,,,,,,
,Wed Jan  8 15:51:05 2020,,,,,,
,Fri Dec 20 02:14:46 2019,[~MB 02 N 6886,,,,,
,Fri Dec 20 01:09:41 2019,[~MB 02 N 6886,,,,,
,Fri Dec 20 00:53:40 2019,[~MB 02 N 6886,,,,,
,Fri Dec 20 00:53:14 2019,,,,,,
,Fri Dec 20 00:52:00 2019,APO9 BN 7886,,,,,
,Fri Dec 20 02:14:46 2019,[~MB 02 N 6886,,,,,
,Fri Dec 20 01:09:41 2019,[~MB 02 N 6886,,,,,
,Fri Dec 20 00:53:40 2019,[~MB 02 N 6886,,,,,
,Fri Dec 20 00:53:14 2019,,,,,,
,Fri Dec 20 00:52:00 2019,APO9 BN 7886,,,,,
,Fri Dec 20 02:14:46 2019,[~MB 02 N 6886,,,,,
,Fri Dec 20 01:09:41 2019,[~MB 02 N 6886,,,,,
,Fri Dec 20 00:53:40 2019,[~MB 02 N 6886,,,,,
,Fri Dec 20 00:53:14 2019,,,,,,
,Fri Dec 20 00:52:00 2019,APO9 BN 7886,,,,,
,Fri Dec 20 02:14:46 2019,[~MB 02 N 6886,,,,,
,Fri Dec 20 01:09:41 2019,[~MB 02 N 6886,,,,,
,Fri Dec 20 00:53:40 2019,[~MB 02 N 6886,,,,,
,Fri Dec 20 00:53:14 2019,,,,,,
,Fri Dec 20 00:52:00 2019,APO9 BN 7886,,,,,
,Fri Dec 20 02:14:46 2019,[~MB 02 N 6886,,,,,
,Fri Dec 20 01:09:41 2019,[~MB 02 N 6886,,,,,
,Fri Dec 20 00:53:40 2019,[~MB 02 N 6886,,,,,
,Fri Dec 20 00:53:14 2019,,,,,,
,Fri Dec 20 00:52:00 2019,APO9 BN 7886,,,,,
,Fri Dec 20 02:14:46 2019,[~MB 02 N 6886,,,,,
,Fri Dec 20 01:09:41 2019,[~MB 02 N 6886,,,,,
,Fri Dec 20 00:53:40 2019,[~MB 02 N 6886,,,,,
,Fri Dec 20 00:53:14 2019,,,,,,
,Fri Dec 20 00:52:00 2019,APO9 BN 7886,,,,,
,Fri Dec 20 02:14:46 2019,[~MB 02 N 6886,,,,,
,Fri Dec 20 01:09:41 2019,[~MB 02 N 6886,,,,,
,Fri Dec 20 00:53:40 2019,[~MB 02 N 6886,,,,,
,Fri Dec 20 00:53:14 2019,,,,,,
,Fri Dec 20 00:52:00 2019,APO9 BN 7886,,,,,
,Fri Dec 20 02:14:46 2019,[~MB 02 N 6886,,,,,
,Fri Dec 20 01:09:41 2019,[~MB 02 N 6886,,,,,
,Fri Dec 20 00:53:40 2019,[~MB 02 N 6886,,,,,
,Fri Dec 20 00:53:14 2019,,,,,,
,Fri Dec 20 00:52:00 2019,APO9 BN 7886,,,,,
,Fri Dec 20 02:14:46 2019,[~MB 02 N 6886,,,,,
,Fri Dec 20 01:09:41 2019,[~MB 02 N 6886,,,,,
,Fri Dec 20 00:53:40 2019,[~MB 02 N 6886,,,,,
,Fri Dec 20 00:53:14 2019,,,,,,
,Fri Dec 20 00:52:00 2019,APO9 BN 7886,,,,,
,Fri Dec 20 02:14:46 2019,[~MB 02 N 6886,,,,,
,Fri Dec 20 01:09:41 2019,[~MB 02 N 6886,,,,,
,Fri Dec 20 00:53:40 2019,[~MB 02 N 6886,,,,,
,Fri Dec 20 00:53:14 2019,,,,,,
,Fri Dec 20 00:52:00 2019,APO9 BN 7886,,,,,
,Fri Dec 20 02:14:46 2019,[~MB 02 N 6886,,,,,
,Fri Dec 20 01:09:41 2019,[~MB 02 N 6886,,,,,
,Fri Dec 20 00:53:40 2019,[~MB 02 N 6886,,,,,
,Fri Dec 20 00:53:14 2019,,,,,,
,Fri Dec 20 00:52:00 2019,APO9 BN 7886,,,,,
,Fri Dec 20 02:14:46 2019,[~MB 02 N 6886,,,,,
,Fri Dec 20 01:09:41 2019,[~MB 02 N 6886,,,,,
,Fri Dec 20 00:53:40 2019,[~MB 02 N 6886,,,,,
,Fri Dec 20 00:53:14 2019,,,,,,
,Fri Dec 20 00:52:00 2019,APO9 BN 7886,,,,,
,Fri Dec 20 02:14:46 2019,[~MB 02 N 6886,,,,,
,Fri Dec 20 01:09:41 2019,[~MB 02 N 6886,,,,,
,Fri Dec 20 00:53:40 2019,[~MB 02 N 6886,,,,,
,Fri Dec 20 00:53:14 2019,,,,,,
,Fri Dec 20 00:52:00 2019,APO9 BN 7886,,,,,
,Fri Dec 20 02:14:46 2019,[~MB 02 N 6886,,,,,
,Fri Dec 20 01:09:41 2019,[~MB 02 N 6886,,,,,
,Fri Dec 20 00:53:40 2019,[~MB 02 N 6886,,,,,
,Fri Dec 20 00:53:14 2019,,,,,,
,Fri Dec 20 00:52:00 2019,APO9 BN 7886,,,,,
,Fri Dec 20 02:14:46 2019,[~MB 02 N 6886,,,,,
,Fri Dec 20 01:09:41 2019,[~MB 02 N 6886,,,,,
,Fri Dec 20 00:53:40 2019,[~MB 02 N 6886,,,,,
,Fri Dec 20 00:53:14 2019,,,,,,
,Fri Dec 20 00:52:00 2019,APO9 BN 7886,,,,,
,Fri Dec 20 02:14:46 2019,[~MB 02 N 6886,,,,,
,Fri Dec 20 01:09:41 2019,[~MB 02 N 6886,,,,,
,Fri Dec 20 00:53:40 2019,[~MB 02 N 6886,,,,,
,Fri Dec 20 00:53:14 2019,,,,,,
,Fri Dec 20 00:52:00 2019,APO9 BN 7886,,,,,
,Fri Dec 20 02:14:46 2019,[~MB 02 N 6886,,,,,
,Fri Dec 20 01:09:41 2019,[~MB 02 N 6886,,,,,
,Fri Dec 20 00:53:40 2019,[~MB 02 N 6886,,,,,
,Fri Dec 20 00:53:14 2019,,,,,,
,Fri Dec 20 00:52:00 2019,APO9 BN 7886,,,,,
,Fri Dec 20 02:14:46 2019,[~MB 02 N 6886,,,,,
,Fri Dec 20 01:09:41 2019,[~MB 02 N 6886,,,,,
,Fri Dec 20 00:53:40 2019,[~MB 02 N 6886,,,,,
,Fri Dec 20 00:53:14 2019,,,,,,
,Fri Dec 20 00:52:00 2019,APO9 BN 7886,,,,,
,Fri Dec 20 02:14:46 2019,[~MB 02 N 6886,,,,,
,Fri Dec 20 01:09:41 2019,[~MB 02 N 6886,,,,,
,Fri Dec 20 00:53:40 2019,[~MB 02 N 6886,,,,,
,Fri Dec 20 00:53:14 2019,,,,,,
,Fri Dec 20 00:52:00 2019,APO9 BN 7886,,,,,
,Fri Dec 20 02:14:46 2019,[~MB 02 N 6886,,,,,
,Fri Dec 20 01:09:41 2019,[~MB 02 N 6886,,,,,
,Fri Dec 20 00:53:40 2019,[~MB 02 N 6886,,,,,
,Fri Dec 20 00:53:14 2019,,,,,,
,Fri Dec 20 00:52:00 2019,APO9 BN 7886,,,,,
,Fri Dec 20 02:14:46 2019,[~MB 02 N 6886,,,,,
,Fri Dec 20 01:09:41 2019,[~MB 02 N 6886,,,,,
,Fri Dec 20 00:53:40 2019,[~MB 02 N 6886,,,,,
,Fri Dec 20 00:53:14 2019,,,,,,
,Fri Dec 20 00:52:00 2019,APO9 BN 7886,,,,,
,Fri Dec 20 02:14:46 2019,[~MB 02 N 6886,,,,,
,Fri Dec 20 01:09:41 2019,[~MB 02 N 6886,,,,,
,Fri Dec 20 00:53:40 2019,[~MB 02 N 6886,,,,,
,Fri Dec 20 00:53:14 2019,,,,,,
,Fri Dec 20 00:52:00 2019,APO9 BN 7886,,,,,
,Fri Dec 20 02:14:46 2019,[~MB 02 N 6886,,,,,
,Fri Dec 20 01:09:41 2019,[~MB 02 N 6886,,,,,
,Fri Dec 20 00:53:40 2019,[~MB 02 N 6886,,,,,
,Fri Dec 20 00:53:14 2019,,,,,,
,Fri Dec 20 00:52:00 2019,APO9 BN 7886,,,,,
,Fri Dec 20 02:14:46 2019,[~MB 02 N 6886,,,,,
,Fri Dec 20 01:09:41 2019,[~MB 02 N 6886,,,,,
,Fri Dec 20 00:53:40 2019,[~MB 02 N 6886,,,,,
,Fri Dec 20 00:53:14 2019,,,,,,
,Fri Dec 20 00:52:00 2019,APO9 BN 7886,,,,,
,Fri Dec 20 02:14:46 2019,[~MB 02 N 6886,,,,,
,Fri Dec 20 01:09:41 2019,[~MB 02 N 6886,,,,,
,Fri Dec 20 00:53:40 2019,[~MB 02 N 6886,,,,,
,Fri Dec 20 00:53:14 2019,,,,,,
,Fri Dec 20 00:52:00 2019,APO9 BN 7886,,,,,
,Fri Dec 20 02:14:46 2019,[~MB 02 N 6886,,,,,
,Fri Dec 20 01:09:41 2019,[~MB 02 N 6886,,,,,
,Fri Dec 20 00:53:40 2019,[~MB 02 N 6886,,,,,
,Fri Dec 20 00:53:14 2019,,,,,,
,Fri Dec 20 00:52:00 2019,APO9 BN 7886,,,,,
,Fri Dec 20 02:14:46 2019,[~MB 02 N 6886,,,,,
,Fri Dec 20 01:09:41 2019,[~MB 02 N 6886,,,,,
,Fri Dec 20 00:53:40 2019,[~MB 02 N 6886,,,,,
,Fri Dec 20 00:53:14 2019,,,,,,
,Fri Dec 20 00:52:00 2019,APO9 BN 7886,,,,,
,Fri Dec 20 02:14:46 2019,[~MB 02 N 6886,,,,,
,Fri Dec 20 01:09:41 2019,[~MB 02 N 6886,,,,,
,Fri Dec 20 00:53:40 2019,[~MB 02 N 6886,,,,,
,Fri Dec 20 00:53:14 2019,,,,,,
,Fri Dec 20 00:52:00 2019,APO9 BN 7886,,,,,
,Fri Dec 20 02:14:46 2019,[~MB 02 N 6886,,,,,
,Fri Dec 20 01:09:41 2019,[~MB 02 N 6886,,,,,
,Fri Dec 20 00:53:40 2019,[~MB 02 N 6886,,,,,
,Fri Dec 20 00:53:14 2019,,,,,,
,Fri Dec 20 00:52:00 2019,APO9 BN 7886,,,,,
,Fri Dec 20 02:14:46 2019,[~MB 02 N 6886,,,,,
,Fri Dec 20 01:09:41 2019,[~MB 02 N 6886,,,,,
,Fri Dec 20 00:53:40 2019,[~MB 02 N 6886,,,,,
,Fri Dec 20 00:53:14 2019,,,,,,
,Fri Dec 20 00:52:00 2019,APO9 BN 7886,,,,,
,Fri Dec 20 02:14:46 2019,[~MB 02 N 6886,,,,,
,Fri Dec 20 01:09:41 2019,[~MB 02 N 6886,,,,,
,Fri Dec 20 00:53:40 2019,[~MB 02 N 6886,,,,,
,Fri Dec 20 00:53:14 2019,,,,,,
,Fri Dec 20 00:52:00 2019,APO9 BN 7886,,,,,
,Fri Dec 20 02:14:46 2019,[~MB 02 N 6886,,,,,
,Fri Dec 20 01:09:41 2019,[~MB 02 N 6886,,,,,
,Fri Dec 20 00:53:40 2019,[~MB 02 N 6886,,,,,
,Fri Dec 20 00:53:14 2019,,,,,,
,Fri Dec 20 00:52:00 2019,APO9 BN 7886,,,,,
,Fri Jan 10 17:20:16 2020,I9837,,,,,
,Fri Jan 10 17:23:34 2020,19I37,,,,,
,Fri Jan 10 17:23:37 2020,19837,,,,,
,Fri Jan 10 17:23:39 2020,I9837,,,,,
,Fri Jan 10 17:23:43 2020,I9837,,,,,
,Fri Jan 10 17:23:47 2020,198I7,,,,,
,Fri Jan 10 17:23:52 2020,19837,,,,,
,Fri Jan 10 17:23:54 2020,19837,,,,,
,Fri Jan 10 17:23:55 2020,I9837,,,,,
,Fri Jan 10 17:23:59 2020,19837,,,,,
,Fri Jan 10 17:24:04 2020,19837,,,,,
,Fri Jan 10 17:24:05 2020,19837,,,,,
,Fri Jan 10 17:25:19 2020,19I37,,,,,
,Fri Jan 10 17:25:22 2020,19837,,,,,
,Fri Jan 10 17:25:24 2020,I9837,,,,,
,Fri Jan 10 17:25:27 2020,I9837,,,,,
,Fri Jan 10 17:25:29 2020,19837,,,,,
,Fri Jan 10 17:25:31 2020,I9837,,,,,
,Fri Jan 10 17:25:32 2020,19837,,,,,
,Fri Jan 10 17:25:37 2020,19837,,,,,
,Fri Jan 10 17:25:39 2020,19837,,,,,
,Fri Jan 10 17:25:42 2020,I9837,,,,,
,Fri Jan 10 17:25:44 2020,19837,,,,,
,Fri Jan 10 17:25:45 2020,19837,,,,,
,Fri Jan 10 17:25:50 2020,19837,,,,,
,Fri Jan 10 17:25:51 2020,D319837,,,,,
,Fri Jan 10 17:25:52 2020,19837,,,,,
,Fri Jan 10 17:25:57 2020,19837,,,,,
,Fri Jan 10 17:26:02 2020,19837,,,,,
,Fri Jan 10 17:26:04 2020,19837,,,,,
,Fri Jan 10 17:26:05 2020,19837,,,,,
,Fri Jan 10 17:26:10 2020,19837,,,,,
,Fri Jan 10 17:26:11 2020,19837,,,,,
,Fri Jan 10 17:26:16 2020,19837,,,,,
,Fri Jan 10 17:26:17 2020,19B37,,,,,
,Fri Jan 10 17:26:22 2020,19837,,,,,
,Fri Jan 10 17:26:24 2020,19837,,,,,
,Fri Jan 10 17:26:25 2020,I9837,,,,,
,Fri Jan 10 17:31:17 2020,I9837,,,,,
,Fri Jan 10 17:31:18 2020,I9837,,,,,
,Fri Jan 10 17:31:23 2020,I9837,,,,,
,Fri Jan 10 17:31:25 2020,19837,,,,,
,Fri Jan 10 17:31:27 2020,I9837,,,,,
,Fri Jan 10 17:31:29 2020,19837,,,,,
,Fri Jan 10 17:31:34 2020,19837,,,,,
,Fri Jan 10 17:31:39 2020,I9837,,,,,
,Fri Jan 10 17:31:41 2020,19837,,,,,
,Fri Jan 10 17:31:43 2020,19837,,,,,
,Fri Jan 10 17:31:44 2020,19837,,,,,
,Fri Jan 10 17:31:49 2020,19837,,,,,
,Fri Jan 10 17:31:53 2020,D319837,,,,,
,Fri Jan 10 17:31:58 2020,19837,,,,,
,Fri Jan 10 17:34:35 2020,I9837,,,,,
,Fri Jan 10 17:34:36 2020,19837,,,,,
,Fri Jan 10 17:34:40 2020,19837,,,,,
,Fri Jan 10 17:35:10 2020,19837,,,,,
,Fri Jan 10 17:35:13 2020,19837,,,,,
,Fri Jan 10 17:35:18 2020,19837,,,,,
,Fri Dec 20 02:14:46 2019,[~MB 02 N 6886,,,,,
,Fri Dec 20 01:09:41 2019,[~MB 02 N 6886,,,,,
,Fri Dec 20 00:53:40 2019,[~MB 02 N 6886,,,,,
,Fri Dec 20 00:53:14 2019,,,,,,
,Fri Dec 20 00:52:00 2019,APO9 BN 7886,,,,,
,Fri Dec 20 02:14:46 2019,[~MB 02 N 6886,,,,,
,Fri Dec 20 01:09:41 2019,[~MB 02 N 6886,,,,,
,Fri Dec 20 00:53:40 2019,[~MB 02 N 6886,,,,,
,Fri Dec 20 00:53:14 2019,,,,,,
,Fri Dec 20 00:52:00 2019,APO9 BN 7886,,,,,
,Fri Dec 20 02:14:46 2019,[~MB 02 N 6886,,,,,
,Fri Dec 20 01:09:41 2019,[~MB 02 N 6886,,,,,
,Fri Dec 20 00:53:40 2019,[~MB 02 N 6886,,,,,
,Fri Dec 20 00:53:14 2019,,,,,,
,Fri Dec 20 00:52:00 2019,APO9 BN 7886,,,,,
,Fri Dec 20 02:14:46 2019,[~MB 02 N 6886,,,,,
,Fri Dec 20 01:09:41 2019,[~MB 02 N 6886,,,,,
,Fri Dec 20 00:53:40 2019,[~MB 02 N 6886,,,,,
,Fri Dec 20 00:53:14 2019,,,,,,
,Fri Dec 20 00:52:00 2019,APO9 BN 7886,,,,,
,Fri Dec 20 02:14:46 2019,[~MB 02 N 6886,,,,,
,Fri Dec 20 01:09:41 2019,[~MB 02 N 6886,,,,,
,Fri Dec 20 00:53:40 2019,[~MB 02 N 6886,,,,,
,Fri Dec 20 00:53:14 2019,,,,,,
,Fri Dec 20 00:52:00 2019,APO9 BN 7886,,,,,
,Fri Dec 20 02:14:46 2019,[~MB 02 N 6886,,,,,
,Fri Dec 20 01:09:41 2019,[~MB 02 N 6886,,,,,
,Fri Dec 20 00:53:40 2019,[~MB 02 N 6886,,,,,
,Fri Dec 20 00:53:14 2019,,,,,,
,Fri Dec 20 00:52:00 2019,APO9 BN 7886,,,,,
,Fri Dec 20 02:14:46 2019,[~MB 02 N 6886,,,,,
,Fri Dec 20 01:09:41 2019,[~MB 02 N 6886,,,,,
,Fri Dec 20 00:53:40 2019,[~MB 02 N 6886,,,,,
,Fri Dec 20 00:53:14 2019,,,,,,
,Fri Dec 20 00:52:00 2019,APO9 BN 7886,,,,,
,Fri Dec 20 02:14:46 2019,[~MB 02 N 6886,,,,,
,Fri Dec 20 01:09:41 2019,[~MB 02 N 6886,,,,,
,Fri Dec 20 00:53:40 2019,[~MB 02 N 6886,,,,,
,Fri Dec 20 00:53:14 2019,,,,,,
,Fri Dec 20 00:52:00 2019,APO9 BN 7886,,,,,
,Fri Dec 20 02:14:46 2019,[~MB 02 N 6886,,,,,
,Fri Dec 20 01:09:41 2019,[~MB 02 N 6886,,,,,
,Fri Dec 20 00:53:40 2019,[~MB 02 N 6886,,,,,
,Fri Dec 20 00:53:14 2019,,,,,,
,Fri Dec 20 00:52:00 2019,APO9 BN 7886,,,,,
